MCD/AD,TOTAL_ADJ,WHITE_ADJ,BLACK_ADJ,AMIND_ADJ,ASIAN_ADJ,HWN_ADJ,MULTI_ADJ,OTHER_ADJ,UNKNOWN_ADJ,HISP_ADJ,NHISP_ADJ,employed_E,employed_M,unemployed_E,unemployed_M,not_in_lf_E,not_in_lf_M,solo_car_E,solo_car_M,wfh_E,wfh_M,kids_u6_E,kids_u6_M,kids_6_17_E,kids_6_17_M,inc_lt25k_E,inc_lt25k_M,inc_25_49k_E,inc_25_49k_M,inc_50_74k_E,inc_50_74k_M,inc_75_99k_E,inc_75_99k_M,inc_100_149k_E,inc_100_149k_M,inc_150kplus_E,inc_150kplus_M,commute_noncar_E,commute_noncar_M,female_65plus_E,female_65plus_M,female_u18_E,female_u18_M,female_total_E,female_total_M,female_18plus_E,female_18plus_M,female_19_24_E,female_19_24_M,female_25_34_E,female_25_34_M,female_35_49_E,female_35_49_M,female_50_64_E,female_50_64_M,male_65plus_E,male_65plus_M,male_u18_E,male_u18_M,male_total_E,male_total_M,male_18plus_E,male_18plus_M,male_19_24_E,male_19_24_M,male_25_34_E,male_25_34_M,male_35_49_E,male_35_49_M,male_50_64_E,male_50_64_M,X,Harris.Walz,Trump.Vance,Mamdani,Sliwa.Cuomo,Cuomo,total_pop_E,total_pop_M
23,133334,64911,22824,1102,12341,77,12442,19636,1,32253,101081,59191,2490,4684,782,48135,2165,27485,1874,5181,725,11556,1300,20898,1638,8928,964,8245,833,6433,647,5303,697,8594,870,13428,1077,24743,1524,16411,1270,4245,596,73404,2788,55907,1959,2813,421,7073,773,12939,1010,15239,1183,12244,931,4997,715,68938,2460,52852,2013,3441,602,8520,945,13539,1122,13552,1140,1,20694,27140,9072,26182,19096,142342,4264
24,129326,26547,15425,1738,51311,135,14045,20124,1,24793,104531,61689,2463,5026,922,42446,2080,22849,1329,5836,653,8174,824,16392,1413,5633,704,6986,862,6197,718,5312,571,8929,762,10898,870,31463,1688,14688,1111,5034,685,66801,2717,54761,2213,4083,665,8724,914,12224,973,14091,919,11276,879,5479,810,65278,2830,51585,2245,3970,688,8445,885,11438,811,14947,1125,2,23300,15810,13825,14241,11985,132079,4868
25,135739,29656,5703,462,81623,31,8307,9956,1,18218,117520,56023,2592,3777,610,39292,1809,21084,1547,7194,883,6928,1062,14015,1272,6775,722,6053,681,6889,755,4805,720,7958,887,10314,782,25198,1469,14010,784,4887,600,60671,2251,50354,1840,2911,446,7730,719,10763,935,12964,1000,10881,798,4238,502,57784,2546,46404,1855,3140,450,7832,863,10621,910,12832,896,3,16723,16244,8420,15970,13485,118455,4129
26,130093,60580,2346,314,50234,28,8954,7634,3,17198,112893,60117,2191,3233,470,45657,1925,29052,1768,8310,719,7259,832,15021,1090,5097,538,5982,585,6455,744,6166,768,9303,872,17366,1141,21173,1408,19068,1010,3215,663,67903,2103,56608,1634,2401,622,8289,774,11537,823,14499,956,14601,838,3007,436,61826,2132,49899,1669,2202,371,7786,673,10968,863,13537,1056,4,26086,23471,9978,26106,20901,129729,3518
27,134151,49909,11158,959,36965,68,14302,20790,0,35651,98499,56177,2294,4446,746,39242,2190,24037,1330,5266,755,10223,1174,15497,1474,6193,817,8228,946,5414,706,5141,582,8735,807,10641,919,24810,1682,13154,1034,4054,571,64675,3036,51733,2250,3126,484,8419,948,12579,1064,13527,1147,10416,902,5219,611,59162,2508,45292,1902,3327,531,7452,855,10680,959,11525,959,5,17577,20764,7624,20233,16738,123837,4772
28,133720,68542,4537,740,31292,58,14496,14054,1,27715,106004,70898,2450,3880,522,39575,1789,19992,1333,11412,1380,8713,844,17892,1460,8061,821,7360,850,7517,773,6307,654,11451,762,17951,990,38393,1680,14475,1042,3880,566,71573,2743,58583,2160,2668,436,10177,823,14865,1069,15186,1080,12105,768,3276,456,67709,2201,53178,1730,2366,378,9843,965,13940,930,14014,946,6,28281,22274,14844,25594,20917,139282,3847
29,136802,4834,81411,1357,20987,166,11682,16364,1,20499,116301,63922,2305,4972,661,42449,1578,26715,1530,5710,559,8349,840,18037,971,5189,599,6192,676,6321,569,5841,663,8092,616,10787,749,29517,1536,13209,843,6018,618,72645,2125,58080,1909,4670,531,9487,879,13256,894,16110,924,9760,713,5670,613,63474,2025,49698,1757,4253,545,9397,819,11942,799,12929,832,7,36396,6866,16144,10327,9521,136119,3495
30,131770,55654,3810,1354,35421,72,13142,22316,1,37733,94037,64533,2285,4637,634,37782,1832,14368,1051,5482,664,7221,917,15416,1262,6093,732,9264,993,7962,719,6689,749,7559,658,9211,816,43093,2080,11784,823,3563,481,64783,2073,53334,1690,2599,404,10560,904,14597,1037,12830,984,8977,744,3831,497,62980,2077,50719,1730,2922,473,9459,861,15170,994,13282,943,8,17731,14219,13045,11289,8761,127763,3358
31,134956,9211,64145,2738,16387,209,16814,25451,1,28770,106185,61282,2579,6828,916,40724,1546,26339,1476,4161,638,10501,1065,20304,1546,6562,702,6269,658,5104,619,5132,677,7499,734,9378,845,28855,1873,10553,766,6346,676,72637,2347,57103,1858,4517,485,10157,870,13262,1023,16785,1012,7455,742,6193,815,65955,2599,48345,1857,4424,720,9634,787,11636,891,13427,994,9,26695,7195,10390,7976,6908,138592,4172
32,141879,4624,77211,2742,19574,192,14217,23315,4,27734,114143,61526,2227,7168,819,38206,1690,22612,1261,3661,677,8482,1030,18977,1341,7067,684,7855,807,6983,659,5348,583,7678,865,7811,699,33455,1680,11819,769,6248,686,70854,2460,55716,1875,4423,540,9603,784,13138,939,14908,940,7584,765,6211,698,62801,2179,48208,1807,4446,560,10026,885,11519,874,12868,907,10,31730,6464,13339,9452,8807,133655,3975
33,130595,10308,67627,1083,26214,139,11519,13703,2,17646,112947,65634,2296,5159,524,42344,1744,31284,1593,5970,676,7266,724,15361,1107,4058,605,5168,664,5700,506,5173,524,8821,598,11923,715,26627,1326,15142,1013,5931,630,70756,2674,58464,1999,4924,537,8948,811,12725,928,15718,891,11634,765,5796,618,64222,2046,51700,1704,4371,483,8782,687,11020,785,14468,770,11,37469,10738,17095,13465,11621,134978,3943
34,126730,19664,2701,2746,37434,66,16422,47695,2,70142,56586,67184,2823,5865,869,34231,2047,13024,1029,7800,944,8992,1020,15680,1374,7186,690,6751,782,8155,860,6292,589,8981,867,9842,823,43784,2081,9504,707,4626,455,64217,2666,51876,1913,3817,432,12208,1055,14132,1044,11406,871,7718,726,4173,509,66647,2853,53027,2472,3021,431,12428,1198,16662,1158,12046,996,12,22754,14429,16215,11992,9659,130864,4785
35,134927,15704,14533,3443,35036,84,15064,51062,1,72593,62333,54626,2705,2949,539,35035,1844,11199,976,3841,658,7055,897,14666,1662,5726,594,5752,590,6127,707,4901,599,6938,709,6025,673,37823,2251,10571,893,3488,481,54162,2569,42904,1788,2577,338,8156,788,10689,886,10000,887,8417,795,5161,596,59487,2865,46315,2203,3590,458,10219,1153,12154,1062,10364,923,13,16022,11998,8517,10607,9149,113649,4701
36,130094,77443,3298,932,18187,64,14847,15323,0,28955,101138,71685,1934,5710,644,28961,1762,8310,790,14335,1166,6327,858,10235,870,9169,837,6747,746,7694,749,6526,575,9949,687,17600,979,46815,1959,8935,665,4210,609,60979,2352,52685,1892,3413,524,16710,1048,13189,849,9641,738,6202,635,4908,729,60873,2197,51843,1737,4206,706,15843,970,15927,1023,8963,841,14,34799,11649,25837,10923,8847,121852,3426
37,151855,60979,14065,1634,29537,123,17027,28489,1,48590,103265,76434,2389,4907,630,34143,1827,13315,1024,12447,1068,9722,1145,14686,1288,6627,668,8085,741,8994,870,7440,663,9911,748,16053,925,48708,1743,9862,848,4704,576,69058,2471,57214,1986,3472,517,14068,953,17237,1083,11343,805,6956,605,4409,558,69315,2225,55974,1782,3390,519,13219,882,17600,1138,13790,1046,15,29229,14818,22625,13813,10457,138373,4067
38,131813,31835,7855,2704,24262,116,19529,45510,2,65587,66225,63719,2541,4462,592,37212,1713,17227,1065,6024,718,8331,880,17325,1176,4415,487,6069,636,5684,478,6169,713,7537,569,9878,685,39047,1950,8933,675,6092,557,63969,2494,51165,1872,4919,519,10960,806,12737,838,12443,817,7579,743,5779,651,65020,2501,51089,2073,4240,511,10645,796,13788,933,13298,853,16,18922,14323,13234,11195,8328,128989,4276
39,129016,14306,2671,3990,42679,56,13888,51422,4,74073,54941,62899,2378,3756,627,34416,1928,9847,1014,5977,1103,7587,972,16523,1433,6587,830,7600,889,7452,848,5643,680,6651,662,8118,786,45587,2412,10458,873,5042,650,62008,2421,48891,1725,3562,492,8516,796,12646,970,12229,989,7654,778,4496,568,61879,2824,49211,2122,2935,429,10150,953,14396,1106,12515,1059,17,17132,13064,11765,10582,8360,123887,4467
40,131394,17288,3348,495,91217,34,6667,12345,0,20528,110865,55546,2812,3836,662,40631,1912,13996,1238,5043,618,5605,822,11057,1147,9853,934,9126,1012,7424,773,5235,755,6545,874,6996,788,33190,2086,14025,903,3684,691,60591,2287,51977,1892,2891,601,7782,910,11858,1079,14628,1215,11720,937,3006,476,55088,2432,46495,2077,2101,439,7111,816,10950,1111,13708,1207,18,12618,13162,6499,11479,9050,115679,3919
41,131505,63937,31717,507,20782,40,8834,5686,2,10963,120542,57851,1997,3899,443,46645,1556,17314,1067,6985,613,10059,1083,17656,1284,9529,855,8497,745,7657,639,6602,706,8173,569,11259,736,31963,1644,16569,801,3932,492,69122,2045,55370,1708,2874,379,8127,765,12021,803,14721,935,12902,849,4430,491,65038,1974,49993,1542,3192,420,8191,790,11845,894,12625,906,19,20742,22406,9634,24613,21247,134160,3375
42,124032,25918,67048,901,6977,68,11342,11777,1,20029,104002,62883,2711,4343,551,34300,1825,10490,1136,7216,715,7938,893,16788,1377,7536,716,7647,658,7522,683,5968,693,8691,774,10272,812,43472,1992,10193,619,5017,556,65436,2732,52934,1954,3757,468,10899,786,14148,995,12677,942,7504,558,5519,776,59822,2663,46061,2113,4133,674,10537,962,12560,1048,9941,838,20,35721,7442,20986,10667,10008,125258,4653
43,130118,36056,70701,479,3951,47,11324,7558,2,13562,116555,71188,2928,6172,779,39288,1870,9056,890,11360,1025,8563,1205,15427,1308,11022,880,9285,934,7760,826,7309,727,10257,954,11601,874,47671,2116,14047,995,6205,858,74691,2856,63221,2435,4989,788,14946,1127,13876,1010,14147,1079,8321,771,5446,739,64736,2021,50928,1831,4067,652,13513,1158,13461,1017,10187,999,21,42360,7946,25991,12905,12303,139427,4021
44,128763,71129,7423,998,26358,36,11468,11350,1,18911,109851,73894,2486,4484,649,30244,1626,9154,1131,20508,1153,9960,1122,19978,1329,5831,700,5997,638,6103,631,5131,544,8804,957,23052,1216,42995,1717,9755,712,2839,334,69635,2187,54325,1577,2116,316,12157,892,17811,1080,11763,931,7808,627,3210,489,67273,2476,51408,2097,2032,359,11563,1045,16483,1132,12344,1091,22,44880,9965,38244,13573,12149,136908,3868
45,133880,84871,3741,730,26548,41,7582,10367,0,15219,118661,52146,2017,3566,611,41063,1776,12842,921,6472,744,10393,873,18713,1452,10520,866,8295,694,6122,662,5369,653,7085,497,9126,699,30935,1468,13813,781,3833,444,63369,2339,49349,1681,2794,372,8532,852,11298,867,11873,729,10822,686,4324,470,60319,2098,44450,1401,3239,408,7614,688,10706,813,10984,816,23,8282,25164,4539,25414,23259,123688,3934
46,129858,77726,13122,787,18989,60,8677,10497,0,20279,109577,57228,2109,5338,794,50375,1893,13546,1034,9801,1040,8350,964,18174,1116,14277,1082,9952,856,7896,587,6050,640,8143,804,11388,769,32650,1469,19489,864,4235,647,72537,2213,59344,1572,3078,495,8233,719,13620,886,13767,928,13432,831,5092,855,64935,2224,50637,1879,3692,729,8064,766,11926,849,12123,982,24,19793,23981,11497,22452,18015,137472,3765
47,135838,53718,3003,1405,56963,53,8128,12565,3,20471,115367,57837,2226,4256,509,41636,1766,13022,924,6740,697,9433,1031,19500,1638,9347,742,7526,646,6962,844,5374,545,7003,637,8670,731,34668,1676,12804,728,4831,620,67461,2835,52944,2147,3677,542,8145,726,13701,1020,13463,930,9591,584,4467,483,62774,2220,47540,1459,3104,390,8266,688,12292,846,12924,834,25,11063,18040,6564,14291,11220,130235,4560
48,135986,100393,2472,580,15277,24,5998,11242,0,10627,125359,42967,1832,3010,481,34368,1746,9924,870,4113,565,19775,1419,33311,2384,7684,711,7376,640,5702,722,4082,461,4490,476,5344,490,27684,1505,8500,678,5471,530,64165,2689,38293,1525,3595,426,7999,802,9024,692,7299,598,7318,510,5981,575,65377,2768,37431,1662,3993,444,8554,921,8948,709,6630,680,26,4675,27993,3543,30130,29003,129542,4786
49,136327,34324,1482,1415,79081,26,5761,14237,1,21579,114747,53041,2163,4865,831,35644,1299,9453,814,6174,806,8652,937,17283,1223,6567,600,8587,775,6976,570,4705,599,4904,545,6572,676,34477,1692,10541,723,3990,538,58845,2436,45649,1774,3047,493,7401,693,12511,835,11206,759,8986,654,5133,481,59221,2054,45332,1557,3944,425,7353,724,11980,834,11880,779,27,9060,13689,5509,10464,7922,118066,3837
50,156397,113779,8201,698,8590,88,12595,12443,3,22905,133492,78194,2301,5701,707,24264,1369,6043,729,20267,1560,14782,1528,18788,1768,7509,765,7182,799,5554,613,4372,514,8716,862,24353,1241,50627,1932,5527,528,5406,573,70914,2971,52796,1702,4096,512,19981,1176,14797,1017,7085,712,4903,574,4992,839,69352,2350,52822,1812,3851,743,19379,1211,16804,1165,6744,664,28,33291,11913,26568,13712,12188,140266,4803
51,128472,35809,8250,3119,29541,101,14154,37494,4,58178,70294,58293,2614,4483,588,33012,1516,7420,805,7959,764,7945,975,19569,1419,7886,735,7561,766,5212,559,5302,645,5923,536,9837,815,40049,1862,8680,788,3793,474,60933,2666,45944,1995,2568,403,9847,911,13883,1127,9741,751,6517,587,4846,597,61200,2466,46839,1753,3447,494,10016,918,15208,1008,10252,911,29,22548,8198,16484,8010,6635,122133,4394
52,147180,97596,11846,442,14462,68,16010,6756,0,18060,129120,86735,2544,4574,597,26962,1254,4451,541,28393,1471,12371,1117,14473,1340,5788,569,4312,637,4213,476,3973,580,9414,793,37920,1631,52466,1907,9881,753,3918,473,74443,2620,60403,1829,3118,426,17387,925,18825,1209,10392,784,7522,720,3626,492,69390,2226,55800,1580,2770,446,15028,929,19123,1130,10501,805,30,58697,5501,41943,16002,14890,143833,4023
53,131377,50291,13350,2183,11133,161,16757,37499,3,61009,70367,68201,2443,6568,765,33937,1719,5449,668,13026,1097,7133,911,13713,1374,11522,1032,7114,835,6768,699,6442,686,8754,848,12147,889,47905,1963,8702,804,7994,1033,66440,2857,56232,2195,6916,922,17926,1272,12281,1011,9329,891,5577,571,5807,784,61783,2486,50179,1940,4846,722,18262,1323,12881,1083,7652,733,31,33072,7672,27990,7738,6680,128223,4152
54,133197,20231,33815,1966,12810,129,18643,45600,3,67964,65233,58778,2222,4268,689,37061,2237,13930,1059,7251,1018,8049,989,17258,1690,9384,1073,7061,750,6680,720,5222,573,6648,654,7067,628,36229,1846,9255,915,6423,752,63407,2874,50401,2029,5134,620,11820,1086,12409,928,10494,908,6726,844,5783,678,60368,2654,46739,2199,4483,624,11527,987,11400,1091,11303,975,32,22030,6596,14957,5993,5174,123775,4638
55,136674,10357,92316,1063,2658,141,13529,16603,7,32127,104542,53737,2196,7183,1164,44859,2367,8546,1033,4200,631,10036,1190,19013,1721,16667,1313,9874,1022,6801,865,5868,925,6521,816,4677,573,38885,2108,9933,859,6049,719,74448,2609,59033,1989,4819,730,13750,1159,15357,1308,13944,1110,6258,792,6204,920,59394,2501,43386,2048,4803,839,10168,1042,9663,988,11093,1139,33,30246,3074,13281,6498,6076,133842,4224
56,138218,28730,76869,861,5356,99,13508,12791,4,25412,112804,71071,2719,6527,897,40844,2313,9115,858,13235,1140,8155,1063,16869,1396,13694,1195,8921,913,7340,749,6713,744,9110,900,12985,829,46587,2232,10287,1004,6849,798,77635,2790,64488,2227,5723,700,17753,1097,16064,1140,13535,1147,6121,659,5409,597,64933,2226,50899,1839,4261,594,15512,1187,14072,1026,9785,935,34,40570,3814,28087,7464,6897,142568,3793
57,149775,57415,53075,599,14397,92,15027,9168,2,20687,129085,73795,2067,6139,651,32772,1597,7802,738,18383,1220,11305,1182,16945,1217,9988,817,6833,764,6662,781,5015,550,9636,818,20260,1089,46084,1933,10149,885,6588,698,76013,2241,61540,1937,4880,664,19077,1202,16213,1020,9513,809,5902,647,4183,615,63465,2100,48780,1698,3014,503,15519,1040,14864,979,8312,833,35,48809,4435,36090,8609,7982,139478,3337
58,131845,3782,109016,401,2131,55,11645,4814,1,9819,122024,56770,2222,5421,732,37733,1521,14517,1009,3627,540,8009,979,15734,1221,7939,790,8551,822,7605,809,5593,651,7190,653,8504,673,36642,1822,13824,678,4485,569,66795,2420,54723,1729,3294,495,9111,911,12102,799,15201,977,9206,546,3911,573,56205,2077,42815,1660,2683,363,8395,856,10840,889,10463,748,36,37400,2911,14727,8839,8351,123000,3681
59,131843,35484,74272,374,7384,40,9283,5002,4,11139,120700,54936,1591,3647,480,39251,1658,20316,999,4591,516,7466,819,16858,1168,7046,693,6028,591,5359,455,5370,487,8182,717,11022,639,28848,1407,13418,808,4794,566,64613,1843,51635,1345,3573,469,7666,684,11611,768,14146,822,9697,716,4558,499,55580,1854,43044,1445,3355,431,7631,744,10261,738,10897,745,37,31010,14640,11930,17383,14029,120193,3058
60,137307,7678,92591,908,5299,110,14220,16497,4,32326,104979,50131,1918,5520,700,43862,2292,12878,1115,4034,650,8534,1103,20122,1477,15071,1232,9503,969,8411,938,4902,675,6202,645,5259,709,31730,1667,12220,903,6116,793,71140,2474,55736,1796,4056,610,9468,864,12958,1007,14974,1049,7647,777,5225,662,56359,2566,40677,2022,3508,545,8044,947,10507,951,9254,908,38,29988,4315,11761,8687,8080,127499,4239
61,135104,44426,35903,2195,12905,80,14549,25045,1,46035,89068,63954,2278,3851,615,36888,1669,21850,1415,7264,1086,9324,914,19401,1178,7208,697,6464,744,5694,535,4750,614,7933,642,16026,1007,33189,1922,8537,598,5954,752,66607,2097,51876,1519,3811,424,10504,816,13870,1120,13011,921,6284,516,5799,692,64066,2546,49356,1993,4223,577,11339,841,13585,1123,12349,950,39,28297,15819,13788,18058,14149,130673,3888
62,128467,106745,1164,269,8370,37,7996,3886,0,13255,115212,64751,2011,3122,530,42727,1952,39247,1730,6806,994,9211,810,20729,1124,4304,713,4739,533,5818,806,4818,573,9278,770,18437,1063,17556,1289,13459,681,5068,546,70444,1877,55197,1560,4115,508,7958,654,14003,860,14709,926,10771,594,5143,684,66920,1968,51601,1538,3766,572,7628,682,13494,929,14565,895,40,14061,51677,5789,45289,32062,137364,3336
63,131319,77595,11795,637,21823,80,9449,9940,0,21773,109545,62023,2163,3800,583,46980,1743,31797,1599,5651,674,8632,865,18698,1307,6813,722,6773,700,5652,764,5035,463,8413,764,14685,942,22796,1634,14527,689,5929,553,71294,2080,57671,1493,4035,442,9075,746,13403,814,14737,954,11453,555,5610,532,66583,2177,51840,1565,3992,501,9783,787,12440,826,12554,900,41,21250,30406,10910,28065,20741,137877,3722
64,131947,85666,4292,721,21193,42,9605,10427,1,21744,110202,64907,1957,3820,640,44283,1888,27668,1559,7271,748,7593,736,19767,1258,5809,613,7112,736,5797,599,7024,773,9802,830,13845,861,28217,1542,14113,865,4508,550,69260,2212,56074,1686,3247,482,9230,728,12801,809,15422,971,11126,618,5469,594,68491,1825,53358,1481,3847,555,8551,714,12719,891,15493,1011,42,17923,35558,10008,31451,22955,137751,3387
65,145824,60184,9521,425,53560,121,12136,9875,2,22689,123134,65539,2637,4775,689,44377,2554,3329,458,12082,1397,3993,745,11030,1365,16539,1524,9462,1173,5545,879,5386,689,8215,946,16694,1231,48715,2341,14616,1178,7143,799,65595,2678,58393,2218,5959,812,13115,1333,12531,1186,10988,1044,10258,777,5580,793,63162,2942,54944,2451,4435,648,14572,1433,13082,1279,11452,1288,43,33178,10488,20318,15416,13512,128757,4489
66,137997,101127,4613,196,15792,89,11923,4257,0,11860,126137,83234,3377,4567,716,33252,1869,3381,480,21696,1877,4883,602,7475,753,6929,832,4784,646,5451,947,5105,680,8814,945,36436,1895,56901,2840,10734,1075,11266,841,67932,2903,61833,2880,6634,700,17752,1721,12072,1198,10009,985,10489,1091,7440,851,64403,2564,57799,2505,4352,806,15007,1643,14666,1341,10197,954,44,49168,8233,25058,23950,22718,132335,4149
67,155599,102260,8487,416,22975,190,14344,6927,0,18817,136782,77912,3678,4127,982,33515,1897,3370,621,22502,2379,7490,1343,11056,1649,9500,1336,6222,850,5955,694,5083,724,9055,1220,35173,2114,51048,2543,13856,1296,3636,492,68181,3175,59535,2563,2345,380,13772,1443,14767,1525,13504,1424,11034,1106,2614,536,65103,3145,54505,2284,1760,396,10657,1081,16307,1645,13893,1434,45,43957,9080,24630,25875,24313,133284,5435
68,136896,33823,40474,2065,11567,154,16824,31980,9,59001,77889,58991,2427,6364,849,50905,2820,3899,734,8947,989,8398,968,15812,1290,20617,1794,9712,931,7586,926,4565,669,5911,640,11337,921,44655,2262,14560,1460,6304,806,75486,3156,62857,2692,4985,703,12755,1220,16281,1441,12957,1077,8529,1082,5656,659,63741,2630,50752,2228,4287,559,12458,1315,12005,1036,12104,1038,46,36268,7851,19197,13207,11939,139227,4108
69,134191,73336,17074,639,15660,66,14496,12918,2,27357,106832,71002,3644,5247,791,45292,2241,3952,773,17580,2127,7042,1024,10678,1458,10791,1170,5490,969,5302,876,5442,704,8337,970,24803,1687,48236,2789,16384,1103,10265,918,74647,3498,64601,2679,6865,866,13761,1553,12364,1326,11827,1220,12908,1206,6963,728,63579,2614,55066,2394,5099,666,11774,1359,12226,1411,11195,1271,47,51134,6701,29536,18676,17434,138226,5052
70,142483,29247,65456,1154,7852,133,16127,22510,4,40966,101514,70892,2418,7269,844,41322,1837,5423,747,14054,1272,8072,1007,16042,1364,17677,1269,9675,1153,8363,888,6528,750,6780,848,12604,1114,49749,2303,11803,834,5410,700,73087,2457,61656,2121,4673,688,14632,1296,16504,1276,13307,1164,6885,903,5498,689,70181,2785,55072,2200,4388,673,14451,1285,14873,1096,13365,1057,48,42253,5341,25522,10286,9437,143268,3776
71,135202,33213,40035,1691,5622,110,18942,35585,4,59674,75526,70154,2937,8788,1170,40385,2479,4200,747,13028,1766,7387,989,14047,1548,12681,1093,9404,1147,7961,841,5910,798,8563,897,11189,1064,50616,2509,12341,1065,4640,665,72800,2826,61242,2378,3685,582,14350,1274,15225,1424,14686,1361,7340,663,5136,825,66871,2852,55483,2567,3926,663,13259,1310,18518,1518,11230,1143,49,39137,7417,24832,10624,9634,139671,4413
72,125144,25930,13786,1694,2687,106,22380,58557,4,90794,34349,63397,2840,9889,1263,40230,2402,5069,860,7353,1063,7367,942,15469,1784,12560,1157,9164,952,8242,1037,5434,648,7615,829,6112,727,48745,2636,12568,1004,5747,826,70627,3019,57636,2154,4872,784,11342,1230,14792,1133,13187,1012,9140,911,5473,596,64280,3075,52976,2736,4467,541,13270,1376,13681,1452,11412,1050,50,28816,11468,16503,10538,9414,134907,4950
73,141767,107825,3384,151,17735,75,9700,2896,1,10007,131760,73443,3253,3852,772,34596,1750,4294,635,19107,1816,5869,999,10246,1135,6336,929,5867,1075,4241,670,5507,698,8738,855,37538,1894,48907,2601,19595,1493,3846,747,69974,2643,61509,2232,2931,699,14016,1272,12443,1119,11609,1051,13043,1056,3291,780,56844,2733,48996,2361,2880,777,11320,1165,10682,1077,10660,1227,51,46021,14402,16248,36624,34905,126818,4739
74,139027,77329,11386,678,23706,400,13652,11869,7,27290,111735,76171,3185,3268,646,37152,2574,3397,905,20776,2011,5233,826,8556,1254,11500,1360,4756,723,6497,1066,5440,741,9911,1024,29424,1905,50447,2734,13455,1201,7863,958,66290,2905,59968,2724,6072,830,16659,1541,11861,1336,10130,1407,8746,956,6053,925,63542,2901,55357,2538,5072,921,16092,1499,13048,1400,11418,1235,52,43260,9363,24850,20297,18430,129832,4486
75,161245,98858,13001,544,26358,217,13978,8289,0,24278,136966,78523,3111,4761,713,33508,2173,3476,746,18671,1641,4327,770,5968,886,10281,1062,6473,882,7470,1111,5571,790,9836,1097,32620,1815,55136,2549,11969,1116,5326,692,60730,2329,54965,2032,4206,687,15850,1331,11405,1210,10415,1074,10295,1164,4167,788,66054,2991,60903,2563,3512,762,17596,1457,14615,1341,14230,1449,53,40465,9060,23262,20204,18481,126784,4133
76,141343,104574,3723,345,18512,134,10934,3121,0,10973,130370,77785,3438,3237,760,32675,2236,4481,742,19524,2240,7509,910,11157,1278,6892,1069,5584,1041,6447,853,6087,834,10646,1225,33688,2081,53153,2927,15837,1325,4033,1034,72972,2855,62537,2578,3262,998,16488,1501,13973,1284,12206,1280,11311,1137,2498,509,57516,2788,49251,2397,1931,398,12503,1300,12103,1239,10836,1300,54,48494,12465,21940,31990,30201,130488,4733
77,132477,8800,48610,1850,1806,171,18555,52682,3,83443,49032,51357,2389,7359,1037,42050,1778,6642,895,3339,662,9657,1350,22023,2035,17176,1477,11834,1288,7325,872,5382,866,4015,595,2711,460,40135,2165,8826,805,6458,879,70678,3044,53874,1766,4782,802,11769,975,13590,1173,13231,1078,5716,703,5493,842,61646,3060,43609,2207,4038,722,9076,1009,12279,1281,11045,997,55,20465,7510,9164,6862,6226,132324,4948
78,129342,16439,28302,2468,4410,140,19316,58264,3,89522,39819,54357,2237,7923,1032,39690,2081,7715,1024,4390,641,11483,1156,20533,1486,16178,1403,10507,877,8450,867,5448,781,5015,646,3284,672,39632,2183,9324,939,7514,784,68706,2558,51461,1810,4867,693,10598,823,12906,975,11119,1015,5832,742,7390,845,63625,2771,47056,2085,5269,733,11253,1146,12307,1102,10274,1002,56,17944,8242,8391,7011,6098,132331,4153
79,142645,9946,64200,1591,1092,210,18841,46757,8,81238,61405,44824,2370,7948,1010,45453,2320,9054,1140,2694,635,9001,1012,20604,1527,21829,1669,10935,1237,6885,856,4859,729,3004,560,2511,505,31134,2256,10121,848,6160,851,68811,2369,52949,1967,4345,749,10359,994,14439,1233,11870,1057,5862,749,5996,892,57730,2972,41260,2187,4288,698,9192,1202,9197,1029,11013,1072,57,22202,6644,8872,7180,6484,126541,4488
80,134062,31137,31215,1856,14176,107,17184,38382,5,63429,70632,57754,2159,5955,672,40084,1682,15445,1083,4654,529,9151,883,18473,1137,11130,861,8939,840,8827,730,5752,566,7086,624,6785,599,36083,1617,11111,727,6017,727,67341,2005,52793,1706,4409,668,9208,758,13408,883,13049,864,7934,632,5800,590,62010,2130,47733,1670,4244,527,9709,862,12948,939,11342,888,58,22381,11422,11709,10505,8354,129351,3418
81,134216,47035,25477,1348,8305,138,18044,33869,0,57786,76430,55550,2024,4788,736,41923,1849,14256,1106,7016,844,8441,914,15761,1400,9266,1007,8168,929,7330,805,6409,660,8206,813,12046,890,32464,1600,14791,773,4749,680,65429,2325,53280,1746,3415,630,8382,822,11894,945,13464,897,10986,668,4160,488,59289,2066,46273,1749,2924,417,8870,906,10631,1022,11626,961,59,30342,11613,14854,15921,13763,124718,3707
82,136866,43360,35905,1256,9896,113,16557,29777,2,55161,81705,56735,2568,4573,846,42295,1871,22039,1785,5671,827,7879,1164,15199,1236,9093,894,9563,1023,7042,788,6568,782,7914,774,9527,910,27457,1629,14740,1037,4620,710,65800,2557,53807,2100,3549,613,9005,856,12357,966,13085,990,10061,807,6354,830,60263,2440,46819,1670,4500,707,8715,868,10480,1015,11209,977,60,29908,16018,12883,19571,14488,126063,4093
83,134658,6086,93516,806,2553,119,11898,19679,1,35242,99416,56689,2384,6135,711,42174,2033,19692,1419,3244,730,10072,1226,21373,1753,11374,1102,7730,849,7148,758,5665,723,7174,892,7657,757,31996,1918,12436,899,6515,735,74140,3138,56861,2241,4752,656,10228,969,12833,969,14849,1146,8235,642,5501,667,60789,2664,44325,1795,3923,575,8871,912,10237,985,11481,950,61,32155,4649,9928,7814,7198,134929,4775
84,133777,11968,40726,3150,1916,156,18692,57161,8,92710,41062,48170,2040,7168,952,44248,2212,5450,718,3741,728,10302,1253,23198,1876,19173,1387,11667,1208,6396,730,3504,632,4280,617,3738,615,37529,1953,9118,833,5634,705,69530,2814,51739,1894,4171,609,11399,1162,13255,1224,12333,1105,5486,654,6948,892,62363,2731,43911,1932,4485,608,9907,1012,12523,1305,9047,919,62,21930,7742,10111,7511,6701,131893,4708
85,127599,11268,42739,2527,2411,159,17159,51332,4,83319,44280,48212,2080,6733,815,45276,2136,12663,1155,2696,520,11210,1114,19707,1231,15813,1163,10247,979,7281,761,4715,661,4555,784,3833,598,31368,1660,10102,817,5962,627,66522,2389,50868,1545,4584,578,10679,915,12140,908,11985,911,6483,726,7374,924,63923,2892,46409,2077,5247,677,10488,1023,11440,1025,10624,937,63,22421,7206,8957,8145,7222,130445,3836
86,132620,9766,38372,2451,2443,163,18252,61165,8,93403,39212,54463,2906,8058,888,39749,2283,6709,901,3089,565,11232,1284,22507,1867,17597,1374,9407,999,7904,1034,4948,757,5104,696,2630,569,41260,2785,7142,659,7342,828,71457,2675,53340,1874,5649,688,11487,985,14112,1049,13257,1118,5834,750,6588,660,62660,3253,45062,2378,4586,620,9753,1029,12395,1145,10492,1050,64,17958,8670,7322,6615,5951,134117,5244
87,138356,12391,40291,2300,20562,164,17675,44973,0,73065,65290,46946,2021,5296,781,39261,2072,10803,986,3531,657,8657,891,17554,1450,12458,927,9038,830,7398,652,4499,645,6332,790,3803,431,31300,1591,10628,785,5715,753,60108,2081,47278,1577,4016,608,8452,811,11067,859,11416,871,6934,663,5704,748,56430,2241,41180,1790,4376,734,8269,944,9750,959,10523,890,65,23964,8458,12676,8577,7487,116538,3372
